{
  "NOMBRE_EQUIPO": "Cocina",
  "NOMBRE_RECETA": "JAMON TIPO 2",
  "NRO_PASOS": 28.909318923950195,
  "NRO_RECETA": 2,
  "componentes": {
    "ESTADO": "OPERACIONAL",
    "NIVEL_AGUA": 1208,
    "TEMP_AGUA": 28.90571403503418,
    "TEMP_CHILLER": 31.0113582611084,
    "TEMP_INGRESO": 0.018027761951088905,
    "TEMP_PRODUCTO": 31.00775146484375,
    "VAPOR_SERPENTINA": false,
    "VAPOR_VIVO": false
  }
}